steps,loss
0,1.535948412380293
1,1.5188647687524717
2,1.5019761556790336
3,1.4842236738308117
4,1.4672977656356165
