steps,loss
0,2.399660113964713
1,2.35428054572586
2,2.3491575494496244
