steps,loss
0,1.7003972343121347
1,1.5782695763566394
2,1.5829165967008878
3,1.6130484830517837
4,1.6210112544559019
