steps,loss
0,1.35604423129738
1,1.338011126773604
