steps,loss
0,2.4490480541361475
1,2.449814016843468
