steps,loss
0,2.170405149769643
1,2.134508738513942
2,2.0798823660043975
3,2.0485075588708073
4,2.0247182200928595
