steps,loss
0,5.8448922403458425
1,5.403146482322896
2,4.961401102736836
3,4.5196605355171044
4,4.077927069536505
